<?xml version="1.0" encoding="UTF-8"?>
<infinispan xmlns:xsi="http://www.w3.org/2001/XMLSchema-instance"
	xsi:schemaLocation="
	http://infinispan.org/schemas/infinispan-config-8.2.xsd
	http://infinispan.org/schemas/infinispan-cachestore-jdbc-config-8.0.xsd" xmlns="urn:infinispan:config:8.2">

	<jgroups>
		<stack-file name="tcp" path="${jgroups.configuration.file:jgroups-tcp-mping.xml}" />
	</jgroups>

	<threads>
		<thread-factory name="listener-notification-thread-factory" thread-name-pattern="dds-cache-%c-%n-p%f-t%t" />
		<blocking-bounded-queue-thread-pool name="listener-notifier-thread-pool" thread-factory="listener-notification-thread-factory"
			core-threads="${notification-max-threads:1}" max-threads="${notification-max-threads:30}" keepalive-time="70000" queue-length="1000000" />
	</threads>

	<cache-container name="dds-cache-container" statistics="true" listener-executor="listener-notifier-thread-pool">

		<transport stack="tcp" node-name="${nodeName:default-node-name}" cluster="${clusterName:DDSCluster}" />

		<replicated-cache name="receiver_info" mode="SYNC" statistics="true">
			<indexing index="ALL">
				<property name="hibernate.search.default.directory_provider">ram</property>
				<property name="hibernate.search.default.indexmanager">near-real-time</property>
				<property name="hibernate.search.default.reader.strategy">shared</property>
				<indexed-entities>
					<indexed-entity>vn.sps.aba.dds.common.model.receiver.ReceiverInfo</indexed-entity>
				</indexed-entities>
			</indexing>

			<expiration max-idle="-1" interval="-1" />
			<state-transfer enabled="true" await-initial-transfer="false" />
		</replicated-cache>

		<replicated-cache name="parcel_info" mode="SYNC" statistics="true">
			<indexing index="ALL">
				<property name="hibernate.search.default.directory_provider">ram</property>
				<property name="hibernate.search.default.indexmanager">near-real-time</property>
				<property name="hibernate.search.default.reader.strategy">shared</property>
				<indexed-entities>
					<indexed-entity>vn.sps.aba.dds.common.model.parcel.ParcelInfo</indexed-entity>
				</indexed-entities>
			</indexing>

			<expiration max-idle="-1" interval="-1" />
			<state-transfer enabled="true" await-initial-transfer="false" />
		</replicated-cache>

		<replicated-cache name="asdpplz" mode="ASYNC">
			<indexing index="ALL">
				<property name="hibernate.search.default.directory_provider">ram</property>
				<property name="hibernate.search.default.indexmanager">near-real-time</property>
				<property name="hibernate.search.default.reader.strategy">shared</property>
				<indexed-entities>
					<indexed-entity>vn.sps.aba.dds.common.model.asdp.AsdpPlzz</indexed-entity>
				</indexed-entities>
			</indexing>

			<expiration max-idle="-1" interval="-1" />
			<state-transfer enabled="true" await-initial-transfer="false" />
		</replicated-cache>
	</cache-container>
</infinispan>