<?xml version="1.0" ?> 
 
<Application-Detail>
	<appname>VAE Capture - New Lookup</appname>
	<version>2.0.0.1</version>
	<copyright>SPS VN 2015</copyright>
	
	<author>
		<name>Truong Thi Lan Anh</name>
		<role>Product Manager</role>
	</author>
		
	<author>
		<name>Le Quang Binh</name>
		<role>Project Leader</role>
	</author>
	<author>
		<name>Pham Ngoc Mai</name>
		<role>Developer</role>
	</author>
	
	<author>
		<name>Tran Duc Khoi</name>
		<role>IT Operation</role>
	</author>
	
	<author>
		<name>Huynh Thi Thuy Diem</name>
		<role>Tester Leader</role>
	</author>
	
	<author>
		<name>Huynh Nghia Toan</name>
		<role>Tester</role>
	</author>
	
</Application-Detail>
