<?xml version="1.0" encoding="UTF-8"?>
<ldapconfig>
    <!-- <ldapdomain location = "ICT">
        <active>1</active>
        <userdn>uid=ldapwrite,ou=Services,dc=ghpfe,dc=vn</userdn>
        <pass>{ENV}2UB2dH98BQ22K6k3EJDD+A==</pass>
        <host>10.10.15.8</host>
        <port>389</port>
    </ldapdomain> -->
    <ldapdomain location = "ICT">
        <active>1</active>
        <userdn>uid=ldapread,ou=Services,dc=ghpfe,dc=vn</userdn>
        <searchuserdn>ou=Users,dc=ghpfe,dc=vn</searchuserdn>
        <pass>{ENV}n+AtUkKHn76l2krxl0RrDD1jKN6WbJN3FZFK+S50K9c=</pass>
        <host>10.10.5.112</host>
        <port>636</port>
        <ssl>true</ssl>
    </ldapdomain>

    <ldapdomain location = "ICT">
        <active>1</active>
        <userdn>uid=ldapread,ou=Services,dc=ghpfe,dc=vn</userdn>
        <searchuserdn>ou=Users,dc=ghpfe,dc=vn</searchuserdn>
        <pass>{ENV}n+AtUkKHn76l2krxl0RrDD1jKN6WbJN3FZFK+S50K9c=</pass>
        <host>10.10.5.113</host>
        <port>636</port>
        <ssl>true</ssl>
    </ldapdomain>

    <ldapdomain location = "CT">
        <active>1</active>
        <userdn>uid=ldapread,ou=Services,dc=ghpfe,dc=vn</userdn>
        <searchuserdn>ou=Users,dc=ghpfe,dc=vn</searchuserdn>
        <pass>{ENV}n+AtUkKHn76l2krxl0RrDD1jKN6WbJN3FZFK+S50K9c=</pass>
        <host>10.10.128.21</host>
        <port>636</port>
        <ssl>true</ssl>
    </ldapdomain>

    <ldapdomain location = "CT">
        <active>1</active>
        <userdn>uid=ldapread,ou=Services,dc=ghpfe,dc=vn</userdn>
        <searchuserdn>ou=Users,dc=ghpfe,dc=vn</searchuserdn>
        <pass>{ENV}n+AtUkKHn76l2krxl0RrDD1jKN6WbJN3FZFK+S50K9c=</pass>
        <host>10.10.128.22</host>
        <port>636</port>
        <ssl>true</ssl>
    </ldapdomain>
</ldapconfig>
