<configuration>
    <appender name="FILE"
              class="ch.qos.logback.core.rolling.RollingFileAppender">
        <file>${user.home}/.log/capture_vae2.log</file>
        <rollingPolicy class="ch.qos.logback.core.rolling.FixedWindowRollingPolicy">
            <fileNamePattern>${user.home}/.log/capture_vae2.%i.log.zip</fileNamePattern>
            <minIndex>1</minIndex>
            <maxIndex>3</maxIndex>
        </rollingPolicy>

        <triggeringPolicy
                class="ch.qos.logback.core.rolling.SizeBasedTriggeringPolicy">
            <maxFileSize>5MB</maxFileSize>
        </triggeringPolicy>
        <encoder>
            <pattern>%d{HH:mm:ss.SSS} [%thread] %-5level %logger{36} - %msg%n</pattern>
        </encoder>
    </appender>
    <appender name="STDOUT" class="ch.qos.logback.core.ConsoleAppender">
        <!-- encoders are assigned the type ch.qos.logback.classic.encoder.PatternLayoutEncoder
            by default -->
        <encoder>
            <pattern>%d{HH:mm:ss.SSS} [%thread] %-5level %logger{36} - %msg%n
            </pattern>
        </encoder>
    </appender>
    <appender name="GRAYLOG2" class="me.moocar.logbackgelf.GelfUDPAppender">
        <remoteHost>10.10.15.20</remoteHost>
        <port>515</port>
        <filter class="ch.qos.logback.core.filter.EvaluatorFilter">
            <evaluator> <!-- defaults to type ch.qos.logback.classic.boolex.JaninoEventEvaluator -->
                <expression>return message.contains("OCR_RESULT_MEASURE") ||
                    message.contains("OCR_LOOKUP_MEASURE")|| message.contains("LOOKUP_INPUT");</expression>
            </evaluator>
            <OnMismatch>DENY</OnMismatch>
            <OnMatch>NEUTRAL</OnMatch>
        </filter>
        <encoder class="me.moocar.logbackgelf.GZIPEncoder">
            <layout class="me.moocar.logbackgelf.GelfLayout">
                <useLoggerName>true</useLoggerName>
                <useThreadName>true</useThreadName>
                <useMarker>true</useMarker>
            </layout>
        </encoder>
    </appender>
    <root level="DEBUG">
        <appender-ref ref="FILE" />
        <appender-ref ref="STDOUT"/>
        <appender-ref ref="GRAYLOG2" />
    </root>
</configuration>