<assembly xmlns="http://maven.apache.org/plugins/maven-assembly-plugin/assembly/1.1.2"
          xmlns:xsi="http://www.w3.org/2001/XMLSchema-instance"
          xsi:schemaLocation="http://maven.apache.org/plugins/maven-assembly-plugin/assembly/1.1.2 http://maven.apache.org/xsd/assembly-1.1.2.xsd">

    <id>build-directory</id>
    <includeBaseDirectory>false</includeBaseDirectory>
    <formats>
        <format>dir</format>
    </formats>
    <files>
        <file>
            <source>${project.build.directory}/maven-archiver/pom.properties</source>
            <outputDirectory>/</outputDirectory>
        </file>        
    </files>
    <fileSets>

        <fileSet>
            <directory>${project.build.directory}</directory>
            <outputDirectory>/</outputDirectory>
            <includes>
                <include>*.jar</include>
                <include>lib/*</include>
                <include>pom.properties</include>                              
            </includes>
        </fileSet>
        <fileSet>
            <directory>${project.basedir}/lib</directory>
            <outputDirectory>/lib</outputDirectory>
            <includes>
                <include>*</include>
            </includes>
        </fileSet>
        <fileSet>
            <directory>${project.basedir}/</directory>
            <outputDirectory>/</outputDirectory>
            <includes>
                <include>config/*.properties</include>
                <include>config/About.xml</include>  
                <include>config/logback.xml</include>                   
                <include>ldap-config.xml</include>                
            </includes>
            <excludes>
                <exclude>nbactions.xml</exclude>
                <exclude>nb-configuration.xml</exclude>
                <exclude>pom.xml</exclude>
            </excludes>
        </fileSet>        
        
        <fileSet>
            <directory>${project.basedir}/src/main/scripts</directory>
            <outputDirectory>/</outputDirectory>
            <includes>
                <include>vae_capture.bat</include>
            </includes>
        </fileSet>       
        
        <fileSet>
            <directory>${project.basedir}/resources/img</directory>
            <outputDirectory>/resources/img</outputDirectory>
            <includes>
                <include>**/*</include>
            </includes>
        </fileSet>

    </fileSets>
</assembly>
