<?xml version="1.0" encoding="utf-8"?>
<dds-responses xmlns:xsi="http://www.w3.org/2001/XMLSchema-instance">
	<sources>
		<source key="E132" description="ParcelInfo Service" />
		<source key="E125" description="DataTransfer Service" />
		<source key="E120" description="ReceiverInfo Service" />
		<source key="E189" description="DPM Service" />
	</sources>
	<responses>
		<!-- Response code of ParcelService -->
		<response source="E132" key="Successful" code="0" description="Ok" />
		<response source="E132" key="ServiceAvailable" code="1" description="Service available" />
		<response source="E132" key="InvalidData" code="99" description="Invalid Data" />
		<response source="E132" key="UnexpectedError" code="99" description="There is error" />

		<!-- Response code of DataTransfer -->
		<response source="E125" key="0000" code="0" description="Ok" />
		<response source="E125" key="1000" code="1000" description="Warning occured" />
		<response source="E125" key="2000" code="2000" description="Error occured" />
		<response source="E125" key="9999" code="9999" description="Unexpected error occured" />

		<!-- Response code of ReceiverInfoService -->
		<response source="E120" key="Successful" code="Successful" description="Transfer successfully" />
		<response source="E120" key="ServiceAvailable" code="ServiceAvailable" description="Service available" />
		<response source="E120" key="InvalidData" code="InvalidData" description="Invalid message content" />
		<response source="E120" key="FailedToStoreData" code="FailedToStoreData" description="Failed to store data" />
		<response source="E120" key="UnexpectedError" code="UnexpectedError" description="Unexpected error occured" />

		<!-- Response code of DPMService -->
		<response source="E189" key="Successful" code="0" description="Transfer successfully" />
		<response source="E189" key="ServiceAvailable" code="1" description="Service available" />
		<response source="E189" key="InvalidData" code="99" description="Invalid message content" />
		<response source="E189" key="FailedToStoreData" code="99" description="Failed to store data" />
		<response source="E189" key="UnexpectedError" code="99" description="Unexpected error occured" />

		<!-- Response code of DPMBService -->
		<response source="E190" key="Successful" code="1" description="Transfer successfully" />
		<response source="E190" key="FailedAuthorizationError" code="11" description="Permission denied" />
		<response source="E190" key="InvalidArgumentError" code="12" description="Invalid argument error" />
		<response source="E190" key="InvalidCaptureResultRecordsError" code="21" description="Capture result records error" />
		<response source="E190" key="UnexpectedError" code="31" description="Unexpected error occured" />

		<!-- Response code of PADASA BarcodeService -->
		<response source="E134" key="Successful" code="0" description="Transfer successfully" />
		<response source="E134" key="ServiceAvailable" code="1" description="Service available" />
		<response source="E134" key="InvalidData" code="99" description="Invalid message content" />
		<response source="E134" key="FailedToStoreData" code="99" description="Failed to store data" />
		<response source="E134" key="UnexpectedError" code="99" description="Unexpected error occured" />

		<!-- Response code of PADASA MatchMakerService -->
		<response source="E138" key="Successful" code="0" description="Transfer successfully" />
		<response source="E138" key="ServiceAvailable" code="1" description="Service available" />
		<response source="E138" key="InvalidData" code="99" description="Invalid message content" />
		<response source="E138" key="FailedToStoreData" code="99" description="Failed to store data" />
		<response source="E138" key="UnexpectedError" code="99" description="Unexpected error occured" />

		<!-- Response code of VAM CaptureResultService -->
		<response source="E128" key="Successful" code="0" description="Transfer successfully" />
		<response source="E128" key="ServiceAvailable" code="1" description="Service available" />
		<response source="E128" key="InvalidData" code="99" description="Invalid message content" />
		<response source="E128" key="FailedToStoreData" code="99" description="Failed to store data" />
		<response source="E128" key="UnexpectedError" code="99" description="Unexpected error occured" />


		<!-- Response code of BLACKBOX CaptureRequestService -->
		<response source="E119" key="Successful" code="Ok" description="Transfer successfully" />
		<response source="E119" key="ServiceAvailable" code="ServiceAvailable" description="Service available" />
		<response source="E119" key="InvalidData" code="InvalidData" description="Invalid message content" />
		<response source="E119" key="FailedToStoreData" code="FailedToStoreData" description="Failed to store data" />
		<response source="E119" key="UnexpectedError" code="UnexpectedError" description="Unexpected error occured" />

	</responses>
</dds-responses>