<assembly
	xmlns="http://maven.apache.org/plugins/maven-assembly-plugin/assembly/1.1.2"
	xmlns:xsi="http://www.w3.org/2001/XMLSchema-instance"
	xsi:schemaLocation="http://maven.apache.org/plugins/maven-assembly-plugin/assembly/1.1.2 http://maven.apache.org/xsd/assembly-1.1.2.xsd">

	<id>${version}</id>
	<includeBaseDirectory>false</includeBaseDirectory>
	<formats>
		<format>dir</format>
	</formats>
	<files>
		<file>
			<source>${project.build.directory}/maven-archiver/pom.properties</source>
			<outputDirectory>/</outputDirectory>
		</file>
		<file>
			<source>${project.build.directory}/${artifactId}.jar</source>
			<outputDirectory>/</outputDirectory>
		</file>
		<file>
			<source>${project.basedir}/Dockerfile</source>
			<outputDirectory>/</outputDirectory>
		</file>
		<file>
			<source>${project.basedir}/src/main/resources/docker-compose.yml</source>
			<outputDirectory>/</outputDirectory>
		</file>
	</files>

	<fileSets>
		<fileSet>
			<directory>${project.basedir}/src/main/resources</directory>
			<outputDirectory>/</outputDirectory>
			<includes>
				<include>*.sh</include>
				<include>*.bat</include>
				<include>/config/**</include>
				<include>/static/**</include>
				<include>/templates/**</include>
			</includes>
		</fileSet>
	</fileSets>
</assembly>